thread_id,thread_title,comment_count,pair_count,mean_disagree_probability,hard_disagree_rate,self_bleu_2,self_bleu_3,self_bleu_4,self_bertscore_mean_precision,self_bertscore_mean_recall,self_bertscore_mean_f1,self_bertscore_median_f1,self_bertscore_top_k_mean_f1,semantic_mean_cosine,semantic_median_cosine,semantic_top_k_mean_cosine,semantic_p90_cosine,story_count,not_story_count,story_rate,mean_story_probability,emotion_entropy,emotion_entropy_normalized,avg_labels_per_comment,emotion_shift_rate,dominant_emotion,dominant_emotion_share,polite_rate,somewhat_polite_rate,neutral_rate,impolite_rate,length_std,length_iqr,length_cv,max_depth,avg_depth,avg_branching_factor,structural_virality,toxicity_mean,toxicity_max,toxicity_p90,severe_toxicity_mean,severe_toxicity_max,severe_toxicity_p90,obscene_mean,obscene_max,obscene_p90,threat_mean,threat_max,threat_p90,insult_mean,insult_max,insult_p90,identity_attack_mean,identity_attack_max,identity_attack_p90,aggression_score_mean,aggression_score_max,aggression_score_p90
10mudlk,New to credit cards- AMEX?,7,21,0.30694087062563213,0.14285714285714285,0.09285738016228824,0.09474607560208666,0.102072365052766,0.42211536566416424,0.45129447891598656,0.4350671399207342,0.42301976680755615,0.5513262748718262,0.19856245815753937,0.15020307898521423,0.34664207696914673,0.39291685819625854,0,7,0.0,0.060329344655786245,0.7963116401738131,0.23897442000999627,0.8571428571428571,0.5,neutral,0.7142857142857143,0.0,0.2857142857142857,0.2857142857142857,0.42857142857142855,4.997958767010258,4.5,0.6137844099837159,5.0,2.4285714285714284,1.0,2.0,0.0019132044108118862,0.009332522749900818,0.00451080214697868,1.6908748778275497e-06,3.050706709473161e-06,2.4789051167317666e-06,3.5236644959825624e-05,7.327622006414458e-05,5.067282254458406e-05,3.0662785970240035e-05,6.25419634161517e-05,4.789171289303341e-05,0.00022066613954458653,0.0006633400334976614,0.00041794998687691995,0.002324291455027248,0.015533129684627056,0.006328289862722164,0.0007542920518652691,0.00427135536839766,0.0018913070974728439
12vvdwf,Chase Aeroplan Credit Card,1,0,0.29724037647247314,0.0,0.0,0.0,0.0,0.0,0.0,0.0,0.0,0.0,0.0,0.0,0.0,0.0,0,1,0.0,0.01880672387778759,-0.0,0.0,1.0,0.0,confusion,1.0,0.0,1.0,0.0,0.0,0.0,0.0,0.0,1.0,1.0,0.0,0.0,0.00041974050691351295,0.00041974050691351295,0.00041974050691351295,1.3396333997661714e-06,1.3396333997661714e-06,1.3396333997661714e-06,3.0180735848261975e-05,3.0180735848261975e-05,3.0180735848261975e-05,1.5525971321039833e-05,1.5525971321039833e-05,1.5525971321039833e-05,0.00010825519711943343,0.00010825519711943343,0.00010825519711943343,7.785083289491013e-05,7.785083289491013e-05,7.785083289491013e-05,0.00010881547958282074,0.00010881547958282074,0.00010881547958282074
12vza8x,"Applying for my 10th card, received my 1st application denied for Chase Aeroplan Card. What are my options now?",5,10,0.28777414560317993,0.0,0.05260007691809413,0.036457072102767135,0.030913718407713058,0.48331749737262725,0.5261386215686799,0.5010583251714706,0.502537190914154,0.5703186988830566,0.41152554750442505,0.3583265542984009,0.41152554750442505,0.5663854479789734,1,4,0.2,0.15336653776466846,0.9502705392332347,0.28517773633985943,1.0,0.5,neutral,0.6,0.0,0.2,0.2,0.6,16.649324310613927,21.0,0.6166416411338491,1.0,1.0,0.0,0.0,0.000643745722481981,0.001192210242152214,0.0009379202267155052,1.5404075384140015e-06,1.8948829847431625e-06,1.7929957948581433e-06,3.795490556512959e-05,5.813637835672125e-05,5.2632960432674736e-05,2.9279302543727682e-05,5.263405182631686e-05,4.49877479695715e-05,0.00014309689722722397,0.00023132619389798492,0.0001934446074301377,8.376056066481397e-05,0.00011034464841941372,0.0001000018892227672,0.00015656296600354835,0.00027442439960623233,0.00021980773097993734
14pt05t,Official User Flairs Thread,165,13530,0.3096616201053392,0.059602649006622516,0.07519287139276094,0.07522119960399655,0.08054117480887131,0.4720063375979552,0.4708505616847533,0.4638556747945784,0.45958925783634186,1.0,0.16828785836696625,0.14946222305297852,0.8698139190673828,0.3296438455581665,17,148,0.10303030303030303,0.18107887483907467,2.2239295828134846,0.667404889472571,1.0,0.8048780487804879,neutral,0.24848484848484848,0.509090909090909,0.12727272727272726,0.1696969696969697,0.19393939393939394,19.88374476262266,16.0,1.2926784420144755,7.0,1.8484848484848484,1.296875,2.2264150943396226,0.020517442825737156,0.9495546817779541,0.0033366302959620953,8.696064315272728e-05,0.010646341368556023,6.557151755259836e-06,0.01410951503397276,0.9412040114402771,0.0003469761286396524,0.0026257571195387615,0.42252302169799805,9.333419002359724e-05,0.002608763423896479,0.16222378611564636,0.0004738799296319482,0.00021652648400490623,0.005665968172252178,0.00022727392788510754,0.006694160921717135,0.34481872742374736,0.0007274307825052042
154f60n,Aeroplan credit card. Travel only?,4,6,0.29369117319583893,0.0,0.03872713999971284,0.03422074919412783,0.032451094611130646,0.47073452174663544,0.4422793785730998,0.442265917857488,0.4601210504770279,0.5123673677444458,0.2536986768245697,0.2492435872554779,0.2536986768245697,0.4370884895324707,1,3,0.25,0.2754272073507309,1.0397207708399179,0.3120218965147642,1.0,1.0,neutral,0.5,0.25,0.0,0.25,0.5,14.737282653189496,14.25,0.746191526743772,3.0,1.75,1.0,1.3333333333333333,0.000693814639816992,0.0009138715104199946,0.0008933167788200081,1.7982304996166931e-06,2.7773351121140877e-06,2.3881342826825863e-06,5.10130998918612e-05,9.964827040676028e-05,8.223400109272916e-05,2.431763550703181e-05,2.7566826247493736e-05,2.724063760979334e-05,0.0001302179862250341,0.00015929497021716088,0.00015498372085858138,0.00011729163088602945,0.000254195649176836,0.00020177491678623484,0.00016974220380442756,0.00023070900817856455,0.00022017908886482474
154r3ei,Credit Card Denial - TD Aeroplan Visa Infinite Card,2,1,0.28433723747730255,0.0,0.03588999567749313,0.02253734212624236,0.017922675071024737,0.4784315824508667,0.4955593943595886,0.48684486746788025,0.48684486746788025,0.48684486746788025,0.3179928660392761,0.3179928660392761,0.3179928660392761,0.3179928660392761,1,1,0.5,0.5009672669693828,0.6931471805599453,0.20801459767650946,0.5,1.0,neutral,0.5,0.0,0.5,0.0,0.5,17.0,17.0,0.25757575757575757,1.0,1.0,0.0,0.0,0.0024383957497775555,0.002556165214627981,0.002532611321657896,4.631499450624688e-06,7.489764357160311e-06,6.918111375853187e-06,0.00011580069622141309,0.00015762807743158191,0.00014926260118954814,3.522728366078809e-05,4.264267045073211e-05,4.115959309274331e-05,0.00035143951390637085,0.0004794882261194289,0.00045387848367681725,0.0003636195615399629,0.0005681967013515532,0.0005272812733892352,0.0005515190507594525,0.0005901137427220723,0.0005823948043295484
15sapyx,Lowering CL for credit card application reconsideration,4,6,0.3534761741757393,0.75,0.11241634679710166,0.09176686117562917,0.08566660706654526,0.5053039938211441,0.5927973836660385,0.5429000010093054,0.5119427293539047,0.7061129808425903,0.3051282465457916,0.28614211082458496,0.3051282465457916,0.43613308668136597,0,4,0.0,0.247156354598701,1.0397207708399179,0.3120218965147642,1.0,1.0,admiration,0.5,0.75,0.25,0.0,0.0,6.7592529172978875,7.25,0.5301374837096382,3.0,2.0,1.5,1.6666666666666667,0.00046387208567466587,0.0005656443536281586,0.0005311826826073229,1.4754560027085972e-06,1.9126225652144058e-06,1.775983628249378e-06,3.192125905115972e-05,4.36366353824269e-05,4.006109556939919e-05,2.383496257607476e-05,3.703212860273197e-05,3.2222697882389184e-05,0.00010149822264793329,0.00011260167957516387,0.00010993085816153325,7.577706674055662e-05,8.998936391435564e-05,8.59597115777433e-05,0.00011639650878218313,0.00013583303655195778,0.00012932340709994607
15v4l8d,Chase Aeroplan card downgrade/product change options,11,55,0.307205268740654,0.0,0.051590981850773286,0.041164727920493714,0.039270312233084366,0.47270355224609373,0.5118466019630432,0.4833957466212186,0.4983680546283722,0.6325822472572327,0.26670947670936584,0.2553464472293854,0.5294820666313171,0.5060286521911621,2,9,0.18181818181818182,0.22686824388802052,0.9164648855394713,0.27503260461384,0.9090909090909091,0.8,neutral,0.5454545454545454,0.2727272727272727,0.0,0.18181818181818182,0.5454545454545454,30.831721348674552,17.0,1.0063766612327005,5.0,2.0,1.0,1.9090909090909092,0.000532379408303479,0.0009800844127312303,0.0006519168382510543,1.5404905504758724e-06,2.362926352361683e-06,1.9647334283945384e-06,4.0391954660828396e-05,0.0001086153497453779,6.301730900304392e-05,2.3085640515835788e-05,3.538512464729138e-05,2.7574556952458806e-05,0.0001171289338592694,0.00016591012536082417,0.00012927137140650302,7.839392095444386e-05,9.415657405043021e-05,8.415189950028434e-05,0.00013215339147405535,0.00022754652385022686,0.00015736084230866254
16pu61v,Chase Credit Card account locked and can’t go into branch,9,36,0.31912251313527423,0.2222222222222222,0.06351928319652396,0.03825828376099454,0.027676734221478407,0.5165962502360344,0.525939399169551,0.5172760602500703,0.5166786015033722,0.63986736536026,0.3898230493068695,0.4174196124076843,0.5997123122215271,0.6183754205703735,3,6,0.3333333333333333,0.3648883338189787,0.34883209584303193,0.10468508003570606,1.0,0.25,neutral,0.8888888888888888,0.0,0.0,0.2222222222222222,0.7777777777777778,82.1747610767728,101.0,0.793533100526776,9.0,5.0,1.0,3.3333333333333335,0.00148233874157692,0.007463803980499506,0.002950590383261443,1.8188364442216375e-06,4.693075425166171e-06,2.6031391826109036e-06,9.149993942022168e-05,0.0005344857345335186,0.00015179961919784555,3.07691306160349e-05,6.176040187710896e-05,5.8388772595208144e-05,0.0003672152476307626,0.001963463146239519,0.0007463728310540322,0.00011950912165856507,0.00031151442090049386,0.000256511801853776,0.00034885850289112096,0.0017232867932458855,0.000675227600656096
16y41fm,Switching payment from one credit card to another AFTER a car rental.,1,0,0.2928573787212372,0.0,0.0,0.0,0.0,0.0,0.0,0.0,0.0,0.0,0.0,0.0,0.0,0.0,0,1,0.0,0.02550911158323288,-0.0,0.0,1.0,0.0,remorse,1.0,0.0,0.0,0.0,1.0,0.0,0.0,0.0,1.0,1.0,0.0,0.0,0.0004046483081765473,0.0004046483081765473,0.0004046483081765473,1.3190630170356599e-06,1.3190630170356599e-06,1.3190630170356599e-06,2.7984271582681686e-05,2.7984271582681686e-05,2.7984271582681686e-05,1.8252940208185464e-05,1.8252940208185464e-05,1.8252940208185464e-05,0.00010171185567742214,0.00010171185567742214,0.00010171185567742214,7.219862163765356e-05,7.219862163765356e-05,7.219862163765356e-05,0.00010435251004992097,0.00010435251004992097,0.00010435251004992097
1ae7005,Does AMEX not report fee AU cards to credit bureaus?,4,6,0.30738671869039536,0.0,0.06531345200885946,0.05887499754318406,0.05684800809655136,0.49643540879090625,0.4993150780598323,0.49629489084084827,0.49670247733592987,0.50702965259552,0.2888660728931427,0.3013664186000824,0.2888660728931427,0.4244197905063629,1,3,0.25,0.3010977325029671,1.3862943611198906,0.4160291953530189,1.0,1.0,confusion,0.25,0.0,0.0,0.5,0.5,3.6996621467371855,4.75,0.20843167023871467,4.0,2.5,1.0,1.6666666666666667,0.0005218329897616059,0.0007067402475513518,0.0006376132601872087,1.3737377742017998e-06,1.468229584133951e-06,1.4679583046017798e-06,3.148866971969255e-05,3.717830259120092e-05,3.6301418003859e-05,2.0486642824835144e-05,2.244966890430078e-05,2.2367925703292715e-05,0.00012173454524599947,0.0001611528714420274,0.0001481523911934346,8.439097655354999e-05,0.00010417259181849658,9.877065822365694e-05,0.0001302179269799808,0.0001669904932934211,0.00015394070308995348
1cpt3rv,American express Aeroplan reserve card - let's talk about it,1,0,0.311982125043869,0.0,0.0,0.0,0.0,0.0,0.0,0.0,0.0,0.0,0.0,0.0,0.0,0.0,0,1,0.0,0.01737489178776741,-0.0,0.0,1.0,0.0,neutral,1.0,1.0,0.0,0.0,0.0,0.0,0.0,0.0,1.0,1.0,0.0,0.0,0.0003877503040712327,0.0003877503040712327,0.0003877503040712327,1.2937080100527965e-06,1.2937080100527965e-06,1.2937080100527965e-06,2.719839903875254e-05,2.719839903875254e-05,2.719839903875254e-05,1.8623770301928744e-05,1.8623770301928744e-05,1.8623770301928744e-05,0.00010723660670919344,0.00010723660670919344,0.00010723660670919344,6.744248094037175e-05,6.744248094037175e-05,6.744248094037175e-05,0.00010159087817858865,0.00010159087817858865,0.00010159087817858865
1d04rdi,Great travel credit cards to own in Canada,1,0,0.29213589429855347,0.0,0.0,0.0,0.0,0.0,0.0,0.0,0.0,0.0,0.0,0.0,0.0,0.0,0,1,0.0,0.04417281970381737,-0.0,0.0,1.0,0.0,neutral,1.0,0.0,0.0,1.0,0.0,0.0,0.0,0.0,1.0,1.0,0.0,0.0,0.0004146582796238363,0.0004146582796238363,0.0004146582796238363,1.2193850125186145e-06,1.2193850125186145e-06,1.2193850125186145e-06,2.245874929940328e-05,2.245874929940328e-05,2.245874929940328e-05,2.0184979803161696e-05,2.0184979803161696e-05,2.0184979803161696e-05,0.00010675076919142157,0.00010675076919142157,0.00010675076919142157,8.094462828012183e-05,8.094462828012183e-05,8.094462828012183e-05,0.00010770279853507721,0.00010770279853507721,0.00010770279853507721
1geeiyu,Best Canadian Business Credit Card for 200K annual spend?,1,0,0.2939279079437256,0.0,0.0,0.0,0.0,0.0,0.0,0.0,0.0,0.0,0.0,0.0,0.0,0.0,0,1,0.0,0.028555020689964294,-0.0,0.0,1.0,0.0,neutral,1.0,0.0,0.0,1.0,0.0,0.0,0.0,0.0,1.0,1.0,0.0,0.0,0.0004902130458503962,0.0004902130458503962,0.0004902130458503962,1.3679481298822793e-06,1.3679481298822793e-06,1.3679481298822793e-06,2.9841106879757717e-05,2.9841106879757717e-05,2.9841106879757717e-05,1.870627238531597e-05,1.870627238531597e-05,1.870627238531597e-05,0.0001160696629085578,0.0001160696629085578,0.0001160696629085578,0.00010508479317650199,0.00010508479317650199,0.00010508479317650199,0.00012688047155506865,0.00012688047155506865,0.00012688047155506865
1hizp8r,Credit Card strategy for early next year. Trying to get 4 Cards in 1 day. Is it possible?`,15,105,0.2923320233821869,0.0,0.06185071729265466,0.038625067878668276,0.029229459756849017,0.4733417488279797,0.5114519158999126,0.48458118240038556,0.49260982871055603,0.5993936061859131,0.2989802360534668,0.27885833382606506,0.674089789390564,0.5616620779037476,3,12,0.2,0.2091873034834862,1.8065071652616693,0.5421357421926919,1.0,0.9285714285714286,neutral,0.4,0.3333333333333333,0.2,0.13333333333333333,0.3333333333333333,67.11264163081844,25.0,1.0930397659742417,4.0,1.8666666666666667,1.2857142857142858,1.6666666666666667,0.0005524441580443333,0.0008989053894765675,0.0006809861282818019,1.5837117416594993e-06,2.982928890560288e-06,1.940840820680023e-06,3.8106424593327874e-05,7.927475235192105e-05,5.2149686234770335e-05,2.2905335936229675e-05,3.771096089622006e-05,2.7342995235812846e-05,0.00012554384156828746,0.00017421395750716329,0.00015671540168114007,9.613424432851995e-05,0.0001548535656183958,0.00012010328064206987,0.0001394529527020596,0.00021425739085619475,0.00016387018079437135
1hor3mc,Chase Aeroplan credit card downgrade options?,2,1,0.306891068816185,0.0,0.020585451859665028,0.018622595964473503,0.017858619386662132,0.5370243191719055,0.29813897609710693,0.38341695070266724,0.38341695070266724,0.38341695070266724,0.05181620270013809,0.05181620270013809,0.05181620270013809,0.05181620270013809,0,2,0.0,0.10080319456756115,-0.0,0.0,1.0,0.0,neutral,1.0,0.0,0.0,0.5,0.5,4.0,4.0,0.5714285714285714,1.0,1.0,0.0,0.0,0.00040501954208593816,0.00045601220335811377,0.00044581367110367863,1.3517960155695619e-06,1.54009774178121e-06,1.5024373965388806e-06,2.619218867039308e-05,3.4058059100061655e-05,3.2484885014127944e-05,2.0251139176252764e-05,2.2602513126912527e-05,2.2132238336780576e-05,0.00010144321277039126,0.00011453819752205163,0.00011191920057171956,7.870989429648034e-05,9.529534145258367e-05,9.197825202136301e-05,0.00010549462883583753,0.00011798967799829067,0.00011549066816580004
1hxtsrh,Chase Aeroplan Credit Card - can the 2 years of AirCanada status be delayed?,3,3,0.3069042166074117,0.0,0.04355033809292732,0.039599257012971345,0.038496787320742125,0.45479436715443927,0.4425615568955739,0.4410422046979268,0.4453482925891876,0.49701547622680664,0.1766556054353714,0.15158237516880035,0.1766556054353714,0.2767804265022278,0,3,0.0,0.0644135723511378,1.0986122886681096,0.32969533691986563,1.0,1.0,neutral,0.3333333333333333,0.3333333333333333,0.0,0.3333333333333333,0.3333333333333333,8.640987597877148,10.0,0.5760658398584765,2.0,1.3333333333333333,1.0,1.0,0.00043799064587801695,0.0005094388034194708,0.0004885615955572576,1.2393550150591182e-06,1.4350267747431644e-06,1.423890716978349e-06,2.580051659606397e-05,2.8913782443851233e-05,2.876151593227405e-05,1.939658250194043e-05,2.4742765162955038e-05,2.3667691493756138e-05,0.00011142038905139391,0.0001212175702676177,0.00011920644901692867,7.598848848526056e-05,8.649238588986918e-05,8.367842674488202e-05,0.00011197266292128916,0.00012857055351863286,0.00012382554925428242
1ia7cwx,Looking for best complement credit card for my TD Aeroplan Visa Infinite,4,6,0.25457850098609924,0.0,0.032500876120861645,0.018174004934322904,0.013834121472083996,0.5222908655802408,0.4485047906637192,0.4820345640182495,0.4737943708896637,0.5582035779953003,0.34940946102142334,0.29963982105255127,0.34940946102142334,0.5232985019683838,0,4,0.0,0.026797156780958176,1.3862943611198906,0.4160291953530189,0.75,1.0,admiration,0.25,0.75,0.0,0.0,0.25,27.35415873317986,24.5,0.4757244997074759,3.0,1.75,1.0,1.3333333333333333,0.050887509823951405,0.20141007006168365,0.1413048704853282,3.5753519370018694e-05,0.0001374952553305775,9.699775359877096e-05,0.037060599220239965,0.14804528653621674,0.10366572074708531,7.959762842801865e-05,0.0002508187317289412,0.00018374578485236273,0.006745136110112071,0.026509350165724754,0.01862244272633689,0.00027449417939351406,0.0008046366274356842,0.0006083143685827964,0.015847181746915833,0.06285960956302006,0.044080348644297385
1iq1xjp,Best travel credit card? Is the Chase Aeroplan card right for me?,5,10,0.2962951123714447,0.0,0.051562626731028495,0.02681330456992989,0.01889706414610059,0.4784513533115387,0.5464347451925278,0.5092574566602707,0.5072946846485138,0.5501754879951477,0.4535505771636963,0.45120447874069214,0.4535505771636963,0.5670189261436462,0,5,0.0,0.01831693984568119,0.9502705392332347,0.28517773633985943,0.8,0.75,neutral,0.6,0.6,0.2,0.2,0.0,84.271940763222,112.0,0.6862535892770522,3.0,1.6,1.0,1.3333333333333333,0.0004552096943370998,0.000550866243429482,0.0005261414218693972,1.4117985529082944e-06,1.6719975519663421e-06,1.5532354609604228e-06,3.410805402381811e-05,4.408602762850933e-05,4.2943715379806234e-05,1.8945626652566717e-05,2.1135125280125067e-05,2.044343054876663e-05,0.00012141708866693079,0.0001476744655519724,0.0001424043846782297,8.017949003260582e-05,9.8023287137039e-05,9.734176564961671e-05,0.0001185452920443216,0.000143621318291783,0.00013647853490965646
1jdbc80,Can I get a Cobalt card or visa Aeroplan infinite with no credit history Canada,2,1,0.3132704049348831,0.0,0.06863348911770208,0.05897837000010514,0.0556345764130691,0.4844282269477844,0.47965487837791443,0.4820297658443451,0.4820297658443451,0.4820297658443451,0.09200406819581985,0.09200406819581985,0.09200406819581985,0.09200406819581985,1,1,0.5,0.47724154125899076,0.6931471805599453,0.20801459767650946,0.0,1.0,optimism,0.5,0.0,0.5,0.0,0.5,6.0,6.0,0.4,2.0,1.5,1.0,1.0,0.0011449408193584532,0.00179264135658741,0.0016631012491416187,3.153239504172234e-06,4.777607045980403e-06,4.452733537618769e-06,0.00022381444432539865,0.0004176134243607521,0.00037885362835368144,5.8558673117659055e-05,8.793269080342725e-05,8.205788726627361e-05,0.00016060994676081464,0.00021463340090122074,0.00020382871007313953,0.00010600256428006105,0.00010896276216953993,0.00010837072259164416,0.0002828466145577598,0.00043776020697805507,0.00040677748849399605
1jf1j9f,Opinions on 3 credit cards?,4,6,0.32333438098430634,0.5,0.02018128026905464,0.017513771617136967,0.016558490644260158,0.41842589775721234,0.43966566522916156,0.4246856818596522,0.4289645403623581,0.5314523577690125,0.10974401980638504,0.10094867646694183,0.10974401980638504,0.21391187608242035,1,3,0.25,0.1833546794950962,0.6931471805599453,0.20801459767650946,1.0,1.0,neutral,0.5,0.5,0.0,0.25,0.25,24.046829312822098,34.5,0.763391406756257,2.0,1.25,1.0,1.0,0.22567925779003417,0.9013515114784241,0.6311015032057187,0.00035195892749584345,0.0014040779788047075,0.000983277251054915,0.17321822848498414,0.6927967667579651,0.4849665431744144,0.00010200828455708688,0.0003537170123308897,0.00025318267089460286,0.07112124043305812,0.2841516435146332,0.19894167116508474,0.0008538826987205539,0.0031698262318968773,0.002244478969078046,0.07855442943647498,0.3138712571623425,0.21974763875979125
1juqhrk,Is it a bad idea to apply for 2 credit cards in one day?,3,3,0.28982927401860553,0.0,0.07473996054086583,0.05855187778808332,0.05260734492953672,0.5204623142878214,0.5047142008940378,0.5122321347395579,0.5172489881515503,0.549920916557312,0.5085838437080383,0.5240349769592285,0.5085838437080383,0.5737980008125305,0,3,0.0,0.029696885496377945,1.0986122886681096,0.32969533691986563,0.6666666666666666,1.0,neutral,0.3333333333333333,0.0,0.0,0.0,1.0,4.546060565661952,5.5,0.2273030282830976,3.0,2.0,1.0,1.3333333333333333,0.0011429402414554108,0.0023729626554995775,0.0020274796639569103,1.9202935087984465e-06,2.5622130124247633e-06,2.3892196168162627e-06,6.403480923230138e-05,0.00012593700375873595,0.0001078715082257986,5.0324699259363115e-05,9.109215170610696e-05,8.041860419325531e-05,0.00019845657758802796,0.00037745022564195096,0.00032658599375281485,0.00011412125847224767,0.00016453072021249682,0.0001518282981123775,0.0002619663132526916,0.0005224224949718822,0.00044942888130966216
1kj0r7c,Unlock 1.625¢ Per Chase Point: The Secret Aeroplan Stack,46,1035,0.305445792277654,0.06666666666666667,0.04744264454220236,0.03614298564838157,0.03179210660015273,0.4850072019486036,0.46307920511218087,0.4676233176159974,0.472207635641098,0.7640790343284607,0.2044929414987564,0.14820712804794312,0.7876890897750854,0.489986777305603,6,40,0.13043478260869565,0.1576774121545579,1.4463705355462864,0.43405815313245516,0.8478260869565217,0.7111111111111111,neutral,0.5217391304347826,0.30434782608695654,0.08695652173913043,0.13043478260869565,0.4782608695652174,49.18840366204637,29.0,1.1544217185990475,5.0,2.391304347826087,1.1481481481481481,2.2954545454545454,0.002276606082728983,0.02817239612340927,0.001463280466850847,2.599320282570261e-06,2.4680690330569632e-05,3.5755767839873442e-06,0.0002047794900847847,0.005425949580967426,9.620128184906207e-05,0.00019938779883966123,0.007713458966463804,5.517325917026028e-05,0.0004568248171025239,0.006093515083193779,0.0002183372780564241,0.00012992033106970865,0.000821753463242203,0.0001664055380388163,0.0005450196400180388,0.006584077652102375,0.0003248672129719429
1nd1l3o,"Help me properly execute my ""going over 5/24"" 3 credit card application spree.",20,190,0.3052840443218456,0.058823529411764705,0.04297504269090567,0.024618672824882816,0.018123522858617992,0.4927385063547837,0.4904440133195174,0.4825697759264394,0.48882266879081726,0.6104729771614075,0.34778621792793274,0.36480483412742615,0.7040297389030457,0.5975363850593567,12,8,0.6,0.6068546595051885,1.189885755092003,0.3570866528325538,0.8,0.6842105263157895,neutral,0.65,0.65,0.1,0.1,0.15,114.80182925371878,153.75,0.9745486354305499,6.0,2.3,1.2222222222222223,2.1785714285714284,0.06965371113474247,0.5818775296211243,0.19532234072685276,7.019407252073506e-05,0.0006227122503332794,0.00016367107018595598,0.06771960831711113,0.6041180491447449,0.20092568099498792,0.004711965769183734,0.0886833667755127,0.0010163862199988253,0.004957753478447557,0.05886977165937424,0.009125154744833726,0.00029530732608691325,0.0013870351249352098,0.0007299940276425337,0.024568090016348756,0.20778908273011135,0.059546250723360714
1qds9lb,"$10,300 Day Costa Rican Vacation for $2,300 OOP for family of 3 using Credit Cards",1,0,0.31189075112342834,0.0,0.0,0.0,0.0,0.0,0.0,0.0,0.0,0.0,0.0,0.0,0.0,0.0,0,1,0.0,0.023320870473980904,-0.0,0.0,1.0,0.0,neutral,1.0,0.0,0.0,0.0,1.0,0.0,0.0,0.0,1.0,1.0,0.0,0.0,0.0006234938045963645,0.0006234938045963645,0.0006234938045963645,1.3705429182664375e-06,1.3705429182664375e-06,1.3705429182664375e-06,4.0416889532934874e-05,4.0416889532934874e-05,4.0416889532934874e-05,2.070336813631002e-05,2.070336813631002e-05,2.070336813631002e-05,0.00014436032506637275,0.00014436032506637275,0.00014436032506637275,6.7954882979393e-05,6.7954882979393e-05,6.7954882979393e-05,0.0001497166355382736,0.0001497166355382736,0.0001497166355382736
1rx7qms,Looking to get some perspective on getting a Chase Aeroplan Visa card as a dual US/Can citizen.,1,0,0.300336629152298,0.0,0.0,0.0,0.0,0.0,0.0,0.0,0.0,0.0,0.0,0.0,0.0,0.0,0,1,0.0,0.027682838961482048,-0.0,0.0,0.0,0.0,neutral,1.0,1.0,0.0,0.0,0.0,0.0,0.0,0.0,1.0,1.0,0.0,0.0,0.00041466421680524945,0.00041466421680524945,0.00041466421680524945,1.4018445426700055e-06,1.4018445426700055e-06,1.4018445426700055e-06,3.1757001124788076e-05,3.1757001124788076e-05,3.1757001124788076e-05,1.8140472093364224e-05,1.8140472093364224e-05,1.8140472093364224e-05,0.00010640055552357808,0.00010640055552357808,0.00010640055552357808,7.452545105479658e-05,7.452545105479658e-05,7.452545105479658e-05,0.0001078149235240744,0.0001078149235240744,0.0001078149235240744
1s2m9dp,Chase declined my credit card app because they can't pull out my credit report from Experian,3,3,0.30181751648585003,0.0,0.053178018505864184,0.04082161333026122,0.036605404651021245,0.5375697215398153,0.5385816593964895,0.5364714761575063,0.5099755525588989,0.6101788878440857,0.3624078035354614,0.34043756127357483,0.36240777373313904,0.4017578959465027,0,3,0.0,0.10691675047079723,0.6365141682948128,0.1910189384688593,1.0,0.5,neutral,0.6666666666666666,0.0,0.3333333333333333,0.0,0.6666666666666666,9.092121131323903,11.0,0.43295814911066205,2.0,1.3333333333333333,1.0,1.0,0.0013317238772287965,0.002565037226304412,0.0021968828747048978,2.8782873566039293e-06,3.705312792590121e-06,3.6368202472658594e-06,8.974624991727372e-05,0.00014058101805858314,0.00013029734982410445,9.811906905573171e-05,0.00023264776973519474,0.00019265952360001393,0.0001650412984114761,0.00025548000121489167,0.00023634949466213586,0.00010226834759426613,0.00012592751591000706,0.00011951706110266969,0.00029829618826069136,0.0005538964740026131,0.00047733274532220095
1sa95vl,"Card Recs. 3/24, what to get next ?",7,21,0.2773649697857244,0.0,0.03938348057281739,0.023807902688536657,0.018861198260118832,0.4959464371204376,0.5024310407184419,0.49625026612054735,0.4984727203845978,0.5686134099960327,0.38345545530319214,0.36123716831207275,0.494467169046402,0.6018865704536438,1,6,0.14285714285714285,0.15003941154905728,1.277034259466139,0.3832400609166074,0.42857142857142855,0.8333333333333334,neutral,0.42857142857142855,0.7142857142857143,0.0,0.0,0.2857142857142857,50.304379652719085,39.5,0.7444622781586334,2.0,1.2857142857142858,2.0,1.3333333333333333,0.13068301263930543,0.9116907715797424,0.3650724285398613,0.0004896681375287569,0.0034186793491244316,0.0013684667127563455,0.12982006232206394,0.9085049033164978,0.36343362978732363,4.7867364108762036e-05,0.00021221753559075296,9.817112804739743e-05,0.044148772562039085,0.30831047892570496,0.12341306880116473,0.0004413574299958002,0.002641837578266859,0.001111013708577958,0.050938456742506966,0.3557964813808212,0.14241433483316554
4majjo,Need help deciding on my next credit card as TD Canada's Rebate Rewards card no longer exists,2,1,0.2966863662004471,0.0,0.05901028542122112,0.044322216926884525,0.03865920394371286,0.38049036264419556,0.44992196559906006,0.4123035669326782,0.4123035669326782,0.4123035669326782,0.20883189141750336,0.20883189141750336,0.20883189141750336,0.20883189141750336,0,2,0.0,0.05586436204612255,-0.0,0.0,1.0,0.0,neutral,1.0,0.5,0.0,0.0,0.5,12.0,12.0,0.5454545454545454,1.0,1.0,0.0,0.0,0.00040591577999293804,0.00041267438791692257,0.00041132266633212564,1.3984598012939387e-06,1.4121468439043383e-06,1.4094094353822584e-06,2.9320190151338466e-05,3.2079158700071275e-05,3.152736499032471e-05,1.867566788860131e-05,1.944544055731967e-05,1.9291486023575998e-05,0.00010137109711649828,0.00010267484321957454,0.00010241409399895929,7.869549881434068e-05,8.263770723715425e-05,8.184926555259154e-05,0.00010589611562750179,0.00010713304252855475,0.00010688565714834415
8al0vl,Best credit card for travel rewards,3,3,0.31480929255485535,0.0,0.030159135518667016,0.022090265277057153,0.019119707263968087,0.5015913844108582,0.48819951216379803,0.49131274223327637,0.47344866394996643,0.5310087203979492,0.22062994539737701,0.1961463838815689,0.22062994539737701,0.3663625419139862,1,2,0.3333333333333333,0.3208649152268966,-0.0,0.0,1.0,0.0,neutral,1.0,0.0,0.0,0.0,1.0,20.49932248202906,25.0,0.6473470257482862,1.0,1.0,0.0,0.0,0.0005288716347422451,0.0006368651520460844,0.0006054932193364947,1.3847713565458737e-06,1.5282656704584952e-06,1.4975704289099668e-06,3.293570019498778e-05,3.599705087253824e-05,3.52278548234608e-05,1.9827167003919992e-05,2.0654815671150573e-05,2.041085317614488e-05,0.00012178813631180674,0.00013167019642423838,0.00013039338227827102,8.228701093078901e-05,9.286603017244488e-05,9.031812514876947e-05,0.00013118240342338243,0.00015259700906729753,0.00014642778568637975
eu3uvs,Lost jewelry purchased with credit card. Has anyone had success with purchase protection for a lost item?,6,15,0.3006507356961568,0.0,0.10088803880563889,0.08196515790501094,0.07551471754370159,0.5526337544123332,0.568023145198822,0.5597533603509267,0.560080349445343,0.6414225697517395,0.31510478258132935,0.293689489364624,0.4122731685638428,0.5555844306945801,4,2,0.6666666666666666,0.5949577155212561,1.0114042647073516,0.3035240669109391,1.0,0.8,neutral,0.5,0.16666666666666666,0.16666666666666666,0.16666666666666666,0.5,5.273097339852125,4.75,0.3554897083046376,3.0,1.5,1.0,1.3333333333333333,0.0028030656394548714,0.013510975055396557,0.007241281622555107,5.384645779334581e-06,2.395231967966538e-05,1.3046832350482873e-05,0.00014253765645359331,0.0006269752630032599,0.00035275533809908666,4.5996568890889954e-05,0.0001229789777426049,8.216546666517388e-05,0.0001808044507924933,0.0004221320559736341,0.00029856516630388796,0.0002925960798165761,0.0013514200691133738,0.0007286075051524676,0.0005783975068646265,0.002676405623484849,0.001450482802871041
qbdhaa,Chase/AC Aeroplan Card,1,0,0.3004203736782074,0.0,0.0,0.0,0.0,0.0,0.0,0.0,0.0,0.0,0.0,0.0,0.0,0.0,0,1,0.0,0.05007101967930794,-0.0,0.0,1.0,0.0,neutral,1.0,0.0,0.0,0.0,1.0,0.0,0.0,0.0,1.0,1.0,0.0,0.0,0.000527764845173806,0.000527764845173806,0.000527764845173806,1.5611761909894994e-06,1.5611761909894994e-06,1.5611761909894994e-06,3.642323281383142e-05,3.642323281383142e-05,3.642323281383142e-05,2.474342727509793e-05,2.474342727509793e-05,2.474342727509793e-05,0.00011761914356611669,0.00011761914356611669,0.00011761914356611669,9.118800517171621e-05,9.118800517171621e-05,9.118800517171621e-05,0.00013321663836525963,0.00013321663836525963,0.00013321663836525963
qym70w,"PSA: Remember, Chase+Aeroplan credit card will be revealed next month. Save that 5/24 spot if you are looking for more travel cards.",5,10,0.29761897027492523,0.0,0.05597240723545209,0.03508108295118006,0.02796299408729534,0.5219478458166122,0.4890046864748001,0.5044555187225341,0.5159928202629089,0.549555778503418,0.4044354557991028,0.4090218245983124,0.4044354557991028,0.4976085126399994,3,2,0.6,0.40408837534487246,1.3321790402101223,0.399789099421175,0.8,0.75,neutral,0.4,0.4,0.0,0.2,0.4,22.312328430712917,35.0,0.5663027520485512,3.0,1.6,1.0,1.3333333333333333,0.00042396102799102664,0.0005173412500880659,0.000483258836902678,1.4714667486259714e-06,1.5932068890833762e-06,1.5792968042660506e-06,3.128596654278226e-05,3.585562080843374e-05,3.497673023957759e-05,2.1755032503278925e-05,2.627231879159808e-05,2.5908759562298654e-05,0.00010266863973811269,0.00010993326577590778,0.00010890543489949778,7.649368344573305e-05,8.449806773569435e-05,8.407156565226614e-05,0.00010960596949492658,0.0001289139669324868,0.00012166561283114181
t8elh9,"Aeroplan, Southwest, or Other Chase card?",4,6,0.3152815103530884,0.25,0.09050343233616925,0.04967429826389802,0.03092943102343726,0.5190476228793462,0.510828360915184,0.5144749383131663,0.5138964504003525,0.5587412118911743,0.5625015497207642,0.5712053775787354,0.5625015497207642,0.6376870274543762,0,4,0.0,0.020464238710701466,-0.0,0.0,0.5,0.0,neutral,1.0,0.5,0.0,0.0,0.5,47.33656092282159,53.5,0.4956707950033674,3.0,1.75,1.0,1.3333333333333333,0.01634718534478452,0.06377299129962921,0.04484231254900806,2.5418557640932704e-06,5.637117737933295e-06,4.500143575114635e-06,0.00027925877566303825,0.0010022479109466076,0.000717319049726939,3.546938341969508e-05,7.895216549513862e-05,6.29821597613045e-05,0.010082660704938462,0.039918430149555206,0.027995720684702984,0.0001768400161381578,0.000427218503318727,0.0003340386669151486,0.004487326013451328,0.017534246191113805,0.012325334918385052
thrktx,I am looking for my next Credit Card for travel.,3,3,0.2963180144627889,0.0,0.03847799691738054,0.019763538037438338,0.011593492093616901,0.4643576443195343,0.5960306326548258,0.5198691288630167,0.5078755021095276,0.5730319619178772,0.49321818351745605,0.4091840386390686,0.49321818351745605,0.6764088273048401,0,3,0.0,0.02592441315452258,0.6365141682948128,0.1910189384688593,1.0,0.5,neutral,0.6666666666666666,0.6666666666666666,0.0,0.3333333333333333,0.0,82.15567877849683,100.5,0.7249030480455604,1.0,1.0,0.0,0.0,0.0022529324148005494,0.005868517328053713,0.0047876869211904705,4.620848661337125e-06,1.0958347047562711e-05,9.087139869734528e-06,0.00012651714496314526,0.00030695777968503535,0.00025321975699625914,2.639092599565629e-05,4.1021874494617805e-05,3.712045945576392e-05,0.00022508984693558887,0.000452212814707309,0.00038551618199562655,0.00041423339522831765,0.0011078175157308578,0.0009004765830468387,0.0005082974294307658,0.0012979142766198493,0.001061704421219171
toien9,Noticed a new benefit on Chase Aeroplan Card,2,1,0.30177801847457886,0.0,0.01407928739026236,0.009637729979277587,0.00799328963172634,0.5807231664657593,0.3289283514022827,0.4199769198894501,0.4199769198894501,0.4199769198894501,0.549524188041687,0.549524188041687,0.549524188041687,0.549524188041687,1,1,0.5,0.4935175757855177,0.6931471805599453,0.20801459767650946,1.0,1.0,curiosity,0.5,0.5,0.0,0.0,0.5,24.5,24.5,0.6363636363636364,2.0,1.5,1.0,1.0,0.0005564753810176626,0.0007356534479185939,0.0006998178345384076,1.6204983239731519e-06,1.6398005300288787e-06,1.6359400888177335e-06,4.178452400083188e-05,4.379751771921292e-05,4.339491897553671e-05,2.4315616428793874e-05,2.8603464670595713e-05,2.7745895022235344e-05,0.00012036541374982335,0.00013968147686682642,0.0001358182642434258,7.997317152330652e-05,9.335935465060174e-05,9.06821180251427e-05,0.00013742243417406524,0.00017378917705930993,0.00016651582848226099
tzftvw,Anyone received their Aeroplan flight reward certificates from Chase Aeroplan credit card?,1,0,0.3250611126422882,0.0,0.0,0.0,0.0,0.0,0.0,0.0,0.0,0.0,0.0,0.0,0.0,0.0,0,1,0.0,0.03131336346268654,-0.0,0.0,1.0,0.0,neutral,1.0,0.0,0.0,1.0,0.0,0.0,0.0,0.0,1.0,1.0,0.0,0.0,0.000408198160585016,0.000408198160585016,0.000408198160585016,1.38111818159814e-06,1.38111818159814e-06,1.38111818159814e-06,2.4545584892621264e-05,2.4545584892621264e-05,2.4545584892621264e-05,2.1835603547515348e-05,2.1835603547515348e-05,2.1835603547515348e-05,0.0001017692920868285,0.0001017692920868285,0.0001017692920868285,8.204409823520109e-05,8.204409823520109e-05,8.204409823520109e-05,0.00010662897625479673,0.00010662897625479673,0.00010662897625479673
u6ahn4,Best USD credit card for a Canadian?,4,6,0.32272248715162277,0.0,0.03425200696428738,0.01729374865639303,0.011430287876067938,0.48496996859709424,0.48003066579500836,0.47304079433282215,0.4765182435512543,0.5191665887832642,0.4789205491542816,0.45256295800209045,0.4789205491542816,0.6126959323883057,0,4,0.0,0.024786745198071003,-0.0,0.0,1.25,0.0,neutral,1.0,0.25,0.0,0.5,0.25,65.17284710675145,82.5,0.6389494814387396,2.0,1.25,1.0,1.0,0.0004900000567431562,0.0006712429458275437,0.0006245754251722247,1.3899883128942747e-06,1.5867822185100522e-06,1.5156112112890697e-06,3.596218903112458e-05,5.9838144807145e-05,5.091797502245755e-05,1.8310481209482532e-05,2.0194935132167302e-05,2.0144641530350783e-05,0.00012547185542644002,0.00017075144569389522,0.00015493768223677763,8.727703425392974e-05,0.00012956038699485362,0.00011485305658425205,0.00012640193416283788,0.00016735836766201828,0.00015769939075198635
v1xzu3,Approved for Chase Aeroplan card at 6/24,4,6,0.3083399832248688,0.0,0.059556945517613286,0.04714162522967504,0.04166751990619563,0.5152231305837631,0.5309219211339951,0.5202250480651855,0.518537163734436,0.5623282790184021,0.4708736836910248,0.41724923253059387,0.4708736836910248,0.7484557628631592,0,4,0.0,0.16932827699929476,-0.0,0.0,1.0,0.0,neutral,1.0,0.0,0.0,0.75,0.25,15.041608956491324,10.5,0.6400684662336733,4.0,2.5,1.0,1.6666666666666667,0.00172413261316251,0.005671387072652578,0.004102583703934216,1.4662312537438993e-06,1.7250328028239892e-06,1.6296708167828912e-06,3.570782746464829e-05,5.309770494932309e-05,4.636323756130878e-05,2.8838255730079254e-05,5.915002475376241e-05,4.77690286061261e-05,0.0004121203855902422,0.0013367782812565565,0.0009680735704023394,0.00015811632511031348,0.0004197272937744856,0.0003175934150931426,0.0003933969397185895,0.0012569775683649216,0.0009140016100805801
w8w81i,Best aeroplan credit card,1,0,0.2907688021659851,0.0,0.0,0.0,0.0,0.0,0.0,0.0,0.0,0.0,0.0,0.0,0.0,0.0,0,1,0.0,0.06908303499221802,-0.0,0.0,1.0,0.0,admiration,1.0,1.0,0.0,0.0,0.0,0.0,0.0,0.0,1.0,1.0,0.0,0.0,0.0004364691849332303,0.0004364691849332303,0.0004364691849332303,1.352746267002658e-06,1.352746267002658e-06,1.352746267002658e-06,3.12002157443203e-05,3.12002157443203e-05,3.12002157443203e-05,1.988935582630802e-05,1.988935582630802e-05,1.988935582630802e-05,0.0001171568437712267,0.0001171568437712267,0.0001171568437712267,6.737396324751899e-05,6.737396324751899e-05,6.737396324751899e-05,0.00011224038496493449,0.00011224038496493449,0.00011224038496493449
wuc7n6,Do I have to book on my credit card to enjoy benefits?,2,1,0.30022913217544556,0.0,0.0302368247899838,0.023492481255943866,0.020884554263026288,0.6056879162788391,0.5116602778434753,0.5547177791595459,0.5547177791595459,0.5547177791595459,0.17589041590690613,0.17589041590690613,0.17589041590690613,0.17589041590690613,0,2,0.0,0.0989004336297512,-0.0,0.0,1.0,0.0,confusion,1.0,0.0,0.0,0.5,0.5,14.0,14.0,0.5,2.0,1.5,1.0,1.0,0.00043175935570616275,0.0004869615950156003,0.00047592114715371285,1.4152127505440149e-06,1.4844814586467692e-06,1.4706277170262184e-06,2.86052027149708e-05,3.2310963433701545e-05,3.15698112899554e-05,2.0786382265214343e-05,2.251338810310699e-05,2.216798693552846e-05,0.00010295674292137846,0.00010818988084793091,0.00010714325326262042,7.895742965047248e-05,8.136555698001757e-05,8.088393151410856e-05,0.00011074672100145713,0.00012213764430650068,0.00011985945964549198
__summary_mean__,__summary_mean__,9.024390243902438,368.4634146341463,0.3027804606959121,0.05000420024791266,0.04043482476187397,0.030389728726098394,0.02701503862539336,0.37426337234969087,0.36915202597410746,0.3668605657936522,0.36608140134229894,0.4300891531676781,0.23949783731524538,0.22764839813476656,0.3088880037752593,0.3416949194378969,1.4390243902439024,7.585365853658536,0.14003594496701602,0.17041624756527934,0.6181544439806118,0.18550915530334902,0.8807145841080095,0.47102693775883286,,0.7072542574663466,0.2914744322485574,0.09634008621283277,0.21723300265187856,0.39495247888673124,23.277670836669845,24.871951219512194,0.4857438447410845,2.5609756097560976,1.55457093277878,0.6695843818557233,0.93356582058837,0.013276812022639452,0.09033478237617557,0.03483116654991514,2.6898628770870286e-05,0.00039910820209581465,6.614180641496741e-05,0.010345264002176665,0.08060022436864794,0.028213009133043428,0.00021292000284888239,0.012712996856063866,7.348444307309574e-05,0.003543367029046374,0.021841954029053052,0.00941366747551578,0.000205463522763808,0.0009036078208293653,0.0004183663987865526,0.004601787534707674,0.032347181608738944,0.011962759840555951
