domain,family,metric_count,mean_wasserstein_distance,mean_abs_cliffs_delta
camera,Uniformity,3,0.018374810644453635,0.05561488888888883
camera,Expression,2,0.04263230330389895,0.052868333333333295
camera,Tone,3,0.037401535040893004,0.05148399999999994
camera,Interaction,3,0.07278021562995936,0.049712443128093566
camera,Form,1,0.0527124203720451,0.0540953333333333
celebrity,Uniformity,3,0.021180737035305968,0.05599081481481477
celebrity,Expression,2,0.0650913435113946,0.056267666666666646
celebrity,Tone,3,0.03889591451619683,0.05337718518518514
celebrity,Interaction,3,0.09306957819208084,0.05250020705273773
celebrity,Form,1,0.0643098937503843,0.0559811111111111
cellphone,Uniformity,3,0.0176511116097296,0.0535953333333333
cellphone,Expression,2,0.0426938791424447,0.0513263333333333
cellphone,Tone,3,0.037307116538097734,0.05000229629629623
cellphone,Interaction,3,0.08534892499987033,0.04791118914507556
cellphone,Form,1,0.051840096263816,0.051576
credit_cards,Uniformity,3,0.011538699465615733,0.052170740740740705
credit_cards,Expression,2,0.04929900063911615,0.05353611111111105
credit_cards,Tone,3,0.02848743367191853,0.0531243703703703
credit_cards,Interaction,3,0.10441134966724186,0.053444541262739294
credit_cards,Form,1,0.0540247935566264,0.0514966666666666
game,Uniformity,3,0.014483396310370567,0.048963037037037
game,Expression,2,0.054554333083483945,0.051640555555555495
game,Tone,3,0.0383141870046469,0.05021999999999993
game,Interaction,3,0.07320054520092772,0.04648645922049633
game,Form,1,0.0575974393367641,0.0481339999999999
headphones,Uniformity,3,0.015359063616743667,0.0502842222222222
headphones,Expression,2,0.04996603907779245,0.0537364444444444
headphones,Tone,3,0.0375359478545938,0.050086666666666634
headphones,Interaction,3,0.06713608114722323,0.04800059259259253
headphones,Form,1,0.0600189896388922,0.0498571111111111
health_issue,Uniformity,3,0.019939157954540366,0.046848074074074035
health_issue,Expression,2,0.047606178621582604,0.047244999999999954
health_issue,Tone,3,0.037537613415085,0.047714962962962904
health_issue,Interaction,3,0.05392250786497177,0.037284493029243033
health_issue,Form,1,0.0483102917620911,0.050054
laptop,Uniformity,3,0.017698166395131203,0.04985133333333327
laptop,Expression,2,0.04354165140966225,0.05190011111111105
laptop,Tone,3,0.037318888541713766,0.05112955555555553
laptop,Interaction,3,0.06917151528900227,0.04657935606093283
laptop,Form,1,0.0468090203726018,0.0494453333333333
movies,Uniformity,3,0.018725987955183834,0.053182296296296235
movies,Expression,2,0.0546651998324545,0.0512503333333333
movies,Tone,3,0.0327333326258365,0.04958962962962957
movies,Interaction,3,0.10276257657207204,0.051095733530247434
movies,Form,1,0.052313041172323,0.0497453333333333
news,Uniformity,3,0.014664235103233234,0.053409999999999964
news,Expression,2,0.0502638077921849,0.0498766666666666
news,Tone,3,0.03440735556786917,0.0501328888888888
news,Interaction,3,0.10087777220505005,0.051472721346131504
news,Form,1,0.061096299766017,0.0539673333333333
sports,Uniformity,3,0.015828452045481934,0.055466296296296236
sports,Expression,2,0.0525571059426327,0.05286622222222215
sports,Tone,3,0.031277558311416,0.048401703703703634
sports,Interaction,3,0.0922641322789368,0.05375333546827976
sports,Form,1,0.0587975678366557,0.0529215555555555
tv_series,Uniformity,3,0.015588370034042167,0.055315851851851804
tv_series,Expression,2,0.06016326763199155,0.052911999999999945
tv_series,Tone,3,0.03414122111897246,0.0512646666666666
tv_series,Interaction,3,0.12964617219277813,0.0507423409979669
tv_series,Form,1,0.0600330951591682,0.0505297777777777
